Season,MatchDate,HomeTeam,AwayTeam,FullTimeHomeGoals,FullTimeAwayGoals,TotalGoals,pred_xgboost,pred_poisson,pred_mlp
2023/24,2023-08-11,Burnley,Man City,0,3,3,2.45,2.73,3.09
2023/24,2023-08-12,Newcastle,Aston Villa,5,1,6,2.7,2.94,2.87
2023/24,2023-08-12,Sheffield United,Crystal Palace,0,1,1,2.95,2.32,2.71
2023/24,2023-08-12,Everton,Fulham,0,1,1,2.54,2.63,2.89
2023/24,2023-08-12,Brighton,Luton,4,1,5,2.7,2.81,2.82
2023/24,2023-08-12,Bournemouth,West Ham,1,1,2,2.59,2.68,2.64
2023/24,2023-08-12,Arsenal,Nott'm Forest,2,1,3,2.82,2.95,3.06
2023/24,2023-08-13,Brentford,Tottenham,2,2,4,2.16,2.71,2.85
2023/24,2023-08-13,Chelsea,Liverpool,1,1,2,2.35,2.81,3.11
2023/24,2023-08-14,Man United,Wolves,1,0,1,2.58,2.6,2.54
2023/24,2023-08-18,Nott'm Forest,Sheffield United,2,1,3,2.72,2.57,2.76
2023/24,2023-08-19,Man City,Newcastle,1,0,1,2.25,3.19,3.4
2023/24,2023-08-19,Tottenham,Man United,2,0,2,2.91,2.92,3.19
2023/24,2023-08-19,Wolves,Brighton,1,4,5,3.09,2.64,2.98
2023/24,2023-08-19,Liverpool,Bournemouth,3,1,4,3.56,3.07,3.38
2023/24,2023-08-19,Fulham,Brentford,0,3,3,2.71,2.76,2.65
2023/24,2023-08-20,Aston Villa,Everton,4,0,4,2.66,2.85,3.11
2023/24,2023-08-20,West Ham,Chelsea,3,1,4,2.48,2.82,3.13
2023/24,2023-08-21,Crystal Palace,Arsenal,0,1,1,3.3,2.91,3.18
2023/24,2023-08-25,Chelsea,Luton,3,0,3,2.58,2.82,3.46
2023/24,2023-08-26,Brighton,West Ham,1,3,4,3.04,3.03,2.95
2023/24,2023-08-26,Man United,Nott'm Forest,3,2,5,2.4,2.67,2.87
2023/24,2023-08-26,Everton,Wolves,0,1,1,2.65,2.63,2.93
2023/24,2023-08-26,Arsenal,Fulham,2,2,4,2.84,3.01,3.35
2023/24,2023-08-26,Bournemouth,Tottenham,0,2,2,2.61,2.79,2.9
2023/24,2023-08-26,Brentford,Crystal Palace,1,1,2,3.12,2.53,2.83
2023/24,2023-08-27,Burnley,Aston Villa,1,3,4,2.43,2.53,2.69
2023/24,2023-08-27,Sheffield United,Man City,1,2,3,2.75,2.3,3.12
2023/24,2023-08-27,Newcastle,Liverpool,1,2,3,2.39,3.13,3.13
2023/24,2023-09-01,Luton,West Ham,1,2,3,2.31,2.43,3.36
2023/24,2023-09-02,Man City,Fulham,5,1,6,3.24,3.01,3.31
2023/24,2023-09-02,Brighton,Newcastle,3,1,4,2.77,2.92,2.7
2023/24,2023-09-02,Chelsea,Nott'm Forest,0,1,1,2.41,2.73,2.76
2023/24,2023-09-02,Sheffield United,Everton,2,2,4,2.42,2.35,2.6
2023/24,2023-09-02,Brentford,Bournemouth,2,2,4,2.43,2.59,2.56
2023/24,2023-09-02,Burnley,Tottenham,2,5,7,2.8,2.72,2.77
2023/24,2023-09-03,Crystal Palace,Wolves,3,2,5,2.11,2.57,2.23
2023/24,2023-09-03,Liverpool,Aston Villa,3,0,3,2.83,3.03,2.96
2023/24,2023-09-03,Arsenal,Man United,3,1,4,3.07,2.95,3.67
2023/24,2023-09-16,Wolves,Liverpool,1,3,4,2.48,2.62,2.84
2023/24,2023-09-16,Aston Villa,Crystal Palace,3,1,4,2.42,2.76,2.54
2023/24,2023-09-16,Fulham,Luton,1,0,1,2.45,2.81,2.94
2023/24,2023-09-16,Tottenham,Sheffield United,2,1,3,2.38,2.78,3.25
2023/24,2023-09-16,West Ham,Man City,1,3,4,2.64,2.85,2.77
2023/24,2023-09-16,Newcastle,Brentford,1,0,1,2.28,2.86,2.62
2023/24,2023-09-16,Man United,Brighton,1,3,4,2.63,2.84,3.02
2023/24,2023-09-17,Bournemouth,Chelsea,0,0,0,2.63,2.62,2.48
2023/24,2023-09-17,Everton,Arsenal,0,1,1,2.62,2.86,3.2
2023/24,2023-09-18,Nott'm Forest,Burnley,1,1,2,2.26,2.62,2.65
2023/24,2023-09-23,Brentford,Everton,1,3,4,2.34,2.67,2.37
2023/24,2023-09-23,Burnley,Man United,0,1,1,2.47,2.56,2.77
2023/24,2023-09-23,Luton,Wolves,1,1,2,2.48,2.44,3.11
2023/24,2023-09-23,Crystal Palace,Fulham,0,0,0,2.37,2.76,2.38
2023/24,2023-09-23,Man City,Nott'm Forest,2,0,2,3.66,3.03,3.34
2023/24,2023-09-24,Arsenal,Tottenham,2,2,4,2.59,3.17,3.57
2023/24,2023-09-24,Brighton,Bournemouth,3,1,4,3.1,2.92,3.22
2023/24,2023-09-24,Chelsea,Aston Villa,0,1,1,2.71,2.67,3.34
2023/24,2023-09-24,Liverpool,West Ham,3,1,4,3.28,3.11,3.61
2023/24,2023-09-24,Sheffield United,Newcastle,0,8,8,2.49,2.42,2.89
2023/24,2023-09-30,Wolves,Man City,2,1,3,3.29,2.6,2.78
2023/24,2023-09-30,Aston Villa,Brighton,6,1,7,2.64,2.86,2.81
2023/24,2023-09-30,Bournemouth,Arsenal,0,4,4,2.77,2.64,2.89
2023/24,2023-09-30,Everton,Luton,1,2,3,2.27,2.57,2.5
2023/24,2023-09-30,Man United,Crystal Palace,0,1,1,2.34,2.69,2.38
2023/24,2023-09-30,Newcastle,Burnley,2,0,2,2.46,2.95,2.85
2023/24,2023-09-30,West Ham,Sheffield United,2,0,2,2.37,2.54,2.5
2023/24,2023-09-30,Tottenham,Liverpool,2,1,3,2.45,3.07,3.3
2023/24,2023-10-01,Nott'm Forest,Brentford,1,1,2,2.12,2.64,2.5
2023/24,2023-10-02,Fulham,Chelsea,0,2,2,2.45,2.76,2.64
2023/24,2023-10-03,Luton,Burnley,1,2,3,2.51,2.48,2.77
2023/24,2023-10-07,Luton,Tottenham,0,1,1,2.77,2.55,2.85
2023/24,2023-10-07,Burnley,Chelsea,1,4,5,2.44,2.61,2.44
2023/24,2023-10-07,Everton,Bournemouth,3,0,3,2.32,2.59,2.55
2023/24,2023-10-07,Fulham,Sheffield United,3,1,4,2.91,2.44,2.54
2023/24,2023-10-07,Man United,Brentford,2,1,3,2.35,2.69,2.37
2023/24,2023-10-07,Crystal Palace,Nott'm Forest,0,0,0,2.16,2.54,2.24
2023/24,2023-10-08,Brighton,Liverpool,2,2,4,2.4,3.1,2.78
2023/24,2023-10-08,West Ham,Newcastle,2,2,4,2.69,2.93,2.67
2023/24,2023-10-08,Wolves,Aston Villa,1,1,2,2.76,2.62,2.71
2023/24,2023-10-08,Arsenal,Man City,1,0,1,2.39,3.0,3.14
2023/24,2023-10-21,Sheffield United,Man United,1,2,3,2.74,2.56,3.09
2023/24,2023-10-21,Chelsea,Arsenal,2,2,4,2.41,2.78,3.22
2023/24,2023-10-21,Newcastle,Crystal Palace,4,0,4,2.87,2.85,2.99
2023/24,2023-10-21,Nott'm Forest,Luton,2,2,4,2.46,2.55,2.48
2023/24,2023-10-21,Brentford,Burnley,3,0,3,2.45,2.78,2.61
2023/24,2023-10-21,Bournemouth,Wolves,1,2,3,3.04,2.45,2.53
2023/24,2023-10-21,Liverpool,Everton,2,0,2,3.15,3.05,3.66
2023/24,2023-10-21,Man City,Brighton,2,1,3,2.58,3.06,3.0
2023/24,2023-10-22,Aston Villa,West Ham,4,1,5,2.85,3.06,2.68
2023/24,2023-10-23,Tottenham,Fulham,2,0,2,2.77,2.96,3.26
2023/24,2023-10-27,Crystal Palace,Tottenham,1,2,3,2.58,2.71,2.52
2023/24,2023-10-28,Wolves,Newcastle,2,2,4,3.03,2.68,2.71
2023/24,2023-10-28,Bournemouth,Burnley,2,1,3,2.74,2.64,2.92
2023/24,2023-10-28,Chelsea,Brentford,0,2,2,2.44,2.52,2.34
2023/24,2023-10-28,Arsenal,Sheffield United,5,0,5,2.35,2.81,2.65
2023/24,2023-10-29,West Ham,Everton,0,1,1,2.3,2.89,3.18
2023/24,2023-10-29,Aston Villa,Luton,3,1,4,2.79,2.92,3.33
2023/24,2023-10-29,Brighton,Fulham,1,1,2,2.95,2.98,3.05
2023/24,2023-10-29,Liverpool,Nott'm Forest,3,0,3,3.27,3.0,3.03
2023/24,2023-10-29,Man United,Man City,0,3,3,2.5,2.9,2.69
2023/24,2023-11-04,Sheffield United,Wolves,2,1,3,2.75,2.51,3.05
2023/24,2023-11-04,Newcastle,Arsenal,1,0,1,2.55,3.12,3.27
2023/24,2023-11-04,Everton,Brighton,1,1,2,3.04,2.72,3.0
2023/24,2023-11-04,Man City,Bournemouth,6,1,7,3.01,3.01,3.09
2023/24,2023-11-04,Brentford,West Ham,3,2,5,2.59,2.74,2.41
2023/24,2023-11-04,Fulham,Man United,0,1,1,2.86,2.75,2.91
2023/24,2023-11-04,Burnley,Crystal Palace,0,2,2,2.55,2.61,2.63
2023/24,2023-11-05,Nott'm Forest,Aston Villa,2,0,2,2.5,2.61,2.72
2023/24,2023-11-05,Luton,Liverpool,1,1,2,2.92,2.55,3.03
2023/24,2023-11-06,Tottenham,Chelsea,1,4,5,2.86,2.92,3.75
2023/24,2023-11-11,Man United,Luton,1,0,1,2.35,2.63,2.59
2023/24,2023-11-11,Bournemouth,Newcastle,2,0,2,2.52,2.7,3.03
2023/24,2023-11-11,Crystal Palace,Everton,2,3,5,2.52,2.67,2.47
2023/24,2023-11-11,Arsenal,Burnley,3,1,4,2.43,2.85,2.81
2023/24,2023-11-11,Wolves,Tottenham,2,1,3,2.59,2.75,2.54
2023/24,2023-11-12,Aston Villa,Fulham,3,1,4,2.92,3.01,3.21
2023/24,2023-11-12,Brighton,Sheffield United,1,1,2,2.47,2.91,2.91
2023/24,2023-11-12,Liverpool,Brentford,3,0,3,2.48,2.99,2.81
2023/24,2023-11-12,West Ham,Nott'm Forest,3,2,5,2.62,2.75,2.53
2023/24,2023-11-12,Chelsea,Man City,4,4,8,2.39,2.8,3.13
2023/24,2023-11-25,Sheffield United,Bournemouth,1,3,4,2.94,2.56,3.14
2023/24,2023-11-25,Luton,Crystal Palace,2,1,3,2.22,2.44,2.51
2023/24,2023-11-25,Brentford,Arsenal,0,1,1,2.08,2.75,2.36
2023/24,2023-11-25,Nott'm Forest,Brighton,2,3,5,2.81,2.72,2.78
2023/24,2023-11-25,Man City,Liverpool,1,1,2,2.43,3.35,2.88
2023/24,2023-11-25,Burnley,West Ham,1,2,3,3.09,2.69,3.25
2023/24,2023-11-25,Newcastle,Chelsea,4,1,5,2.85,3.02,3.23
2023/24,2023-11-26,Tottenham,Aston Villa,1,2,3,2.05,2.98,3.07
2023/24,2023-11-26,Everton,Man United,0,3,3,2.69,2.78,3.28
2023/24,2023-11-27,Fulham,Wolves,3,2,5,2.59,2.58,2.3
2023/24,2023-12-02,Arsenal,Wolves,2,1,3,2.81,2.94,3.09
2023/24,2023-12-02,Brentford,Luton,3,1,4,2.25,2.64,2.45
2023/24,2023-12-02,Burnley,Sheffield United,5,0,5,2.39,2.55,2.93
2023/24,2023-12-02,Nott'm Forest,Everton,0,1,1,2.4,2.66,2.45
2023/24,2023-12-02,Newcastle,Man United,1,0,1,2.72,3.14,3.29
2023/24,2023-12-03,West Ham,Crystal Palace,1,1,2,2.85,2.8,2.71
2023/24,2023-12-03,Liverpool,Fulham,4,3,7,3.03,3.0,3.18
2023/24,2023-12-03,Man City,Tottenham,3,3,6,2.66,3.32,3.07
2023/24,2023-12-03,Bournemouth,Aston Villa,2,2,4,2.55,2.62,2.53
2023/24,2023-12-03,Chelsea,Brighton,3,2,5,2.66,2.92,2.73
2023/24,2023-12-05,Luton,Arsenal,3,4,7,2.46,2.53,2.54
2023/24,2023-12-05,Wolves,Burnley,1,0,1,2.57,2.64,2.55
2023/24,2023-12-06,Aston Villa,Man City,1,0,1,2.48,3.1,2.86
2023/24,2023-12-06,Man United,Chelsea,2,1,3,2.48,2.75,3.33
2023/24,2023-12-06,Sheffield United,Liverpool,0,2,2,2.61,2.61,3.34
2023/24,2023-12-06,Brighton,Brentford,2,1,3,2.88,2.81,2.52
2023/24,2023-12-06,Crystal Palace,Bournemouth,0,2,2,2.55,2.64,2.81
2023/24,2023-12-06,Fulham,Nott'm Forest,5,0,5,2.59,2.65,2.65
2023/24,2023-12-07,Everton,Newcastle,3,0,3,2.72,2.82,2.9
2023/24,2023-12-07,Tottenham,West Ham,1,2,3,2.83,3.09,3.15
2023/24,2023-12-09,Crystal Palace,Liverpool,1,2,3,2.72,2.72,2.48
2023/24,2023-12-09,Brighton,Burnley,1,1,2,3.06,2.84,2.91
2023/24,2023-12-09,Man United,Bournemouth,0,3,3,2.56,2.7,2.89
2023/24,2023-12-09,Sheffield United,Brentford,1,0,1,2.6,2.49,3.51
2023/24,2023-12-09,Wolves,Nott'm Forest,1,1,2,2.43,2.51,2.26
2023/24,2023-12-09,Aston Villa,Arsenal,1,0,1,2.19,3.09,2.79
2023/24,2023-12-10,Everton,Chelsea,2,0,2,2.54,2.85,3.44
2023/24,2023-12-10,Fulham,West Ham,5,0,5,2.88,2.85,2.96
2023/24,2023-12-10,Luton,Man City,1,2,3,2.41,2.58,2.98
2023/24,2023-12-10,Tottenham,Newcastle,4,1,5,2.26,3.11,2.77
2023/24,2023-12-15,Nott'm Forest,Tottenham,0,2,2,2.81,2.69,3.02
2023/24,2023-12-16,Burnley,Everton,0,2,2,2.27,2.55,2.4
2023/24,2023-12-16,Newcastle,Fulham,3,0,3,2.47,2.95,3.02
2023/24,2023-12-16,Chelsea,Sheffield United,2,0,2,2.5,2.96,3.02
2023/24,2023-12-16,Man City,Crystal Palace,2,2,4,2.68,3.02,2.84
2023/24,2023-12-17,Arsenal,Brighton,2,0,2,2.64,3.03,2.79
2023/24,2023-12-17,Brentford,Aston Villa,1,2,3,2.13,2.79,2.46
2023/24,2023-12-17,West Ham,Wolves,3,0,3,2.67,2.76,2.44
2023/24,2023-12-17,Liverpool,Man United,0,0,0,2.87,3.04,3.42
2023/24,2023-12-21,Crystal Palace,Brighton,1,1,2,2.76,2.67,2.59
2023/24,2023-12-22,Aston Villa,Sheffield United,1,1,2,2.17,2.83,2.54
2023/24,2023-12-23,West Ham,Man United,2,0,2,2.23,2.86,2.91
2023/24,2023-12-23,Fulham,Burnley,0,2,2,3.25,2.86,3.28
2023/24,2023-12-23,Luton,Newcastle,1,0,1,2.65,2.61,2.86
2023/24,2023-12-23,Nott'm Forest,Bournemouth,2,3,5,2.45,2.73,2.87
2023/24,2023-12-23,Tottenham,Everton,2,1,3,2.84,2.96,3.18
2023/24,2023-12-23,Liverpool,Arsenal,1,1,2,2.23,3.12,2.97
2023/24,2023-12-24,Wolves,Chelsea,2,1,3,2.76,2.77,2.95
2023/24,2023-12-26,Burnley,Liverpool,0,2,2,2.52,2.55,2.69
2023/24,2023-12-26,Sheffield United,Luton,2,3,5,2.42,2.45,2.93
2023/24,2023-12-26,Man United,Aston Villa,3,2,5,2.55,2.8,2.78
2023/24,2023-12-26,Newcastle,Nott'm Forest,1,3,4,2.4,2.85,2.51
2023/24,2023-12-26,Bournemouth,Fulham,3,0,3,2.68,2.69,2.95
2023/24,2023-12-27,Brentford,Wolves,1,4,5,2.19,2.74,2.43
2023/24,2023-12-27,Chelsea,Crystal Palace,2,1,3,2.56,2.9,2.51
2023/24,2023-12-27,Everton,Man City,1,3,4,2.39,2.86,3.41
2023/24,2023-12-28,Brighton,Tottenham,4,2,6,2.63,2.77,2.39
2023/24,2023-12-28,Arsenal,West Ham,0,2,2,2.77,3.18,3.09
2023/24,2023-12-30,Nott'm Forest,Man United,2,1,3,2.14,2.64,2.6
2023/24,2023-12-30,Wolves,Everton,3,0,3,2.46,2.67,2.45
2023/24,2023-12-30,Man City,Sheffield United,2,0,2,2.15,3.04,3.3
2023/24,2023-12-30,Aston Villa,Burnley,3,2,5,3.13,2.91,2.84
2023/24,2023-12-30,Luton,Chelsea,2,3,5,2.65,2.79,2.73
2023/24,2023-12-30,Crystal Palace,Brentford,3,1,4,2.41,2.55,2.24
2023/24,2023-12-31,Fulham,Arsenal,2,1,3,2.62,2.87,2.62
2023/24,2023-12-31,Tottenham,Bournemouth,3,1,4,2.77,3.03,2.98
2023/24,2024-01-01,Liverpool,Newcastle,4,2,6,2.45,3.04,3.36
2023/24,2024-01-02,West Ham,Brighton,0,0,0,2.82,2.89,2.57
2023/24,2024-01-12,Burnley,Luton,1,1,2,2.69,2.57,2.71
2023/24,2024-01-13,Chelsea,Fulham,1,0,1,2.58,3.05,2.66
2023/24,2024-01-13,Newcastle,Man City,2,3,5,2.18,3.14,2.71
2023/24,2024-01-14,Everton,Aston Villa,0,0,0,2.47,2.89,2.77
2023/24,2024-01-14,Man United,Tottenham,2,2,4,2.48,2.9,3.42
2023/24,2024-01-20,Arsenal,Crystal Palace,5,0,5,2.48,2.88,2.62
2023/24,2024-01-20,Brentford,Nott'm Forest,3,2,5,2.49,2.78,2.78
2023/24,2024-01-21,Sheffield United,West Ham,2,2,4,2.22,2.47,2.71
2023/24,2024-01-21,Bournemouth,Liverpool,0,4,4,2.72,2.87,2.68
2023/24,2024-01-22,Brighton,Wolves,0,0,0,2.95,2.82,2.5
2023/24,2024-01-30,Nott'm Forest,Arsenal,1,2,3,2.2,2.74,2.4
2023/24,2024-01-30,Fulham,Everton,0,0,0,2.04,2.88,3.03
2023/24,2024-01-30,Luton,Brighton,4,0,4,2.24,2.84,2.7
2023/24,2024-01-30,Crystal Palace,Sheffield United,3,2,5,2.43,2.61,2.9
2023/24,2024-01-30,Aston Villa,Newcastle,1,3,4,2.59,3.05,3.04
2023/24,2024-01-31,Man City,Burnley,3,1,4,3.23,3.19,3.15
2023/24,2024-01-31,Tottenham,Brentford,3,2,5,3.35,2.97,2.76
2023/24,2024-01-31,Liverpool,Chelsea,4,1,5,2.71,3.25,3.65
2023/24,2024-02-01,Wolves,Man United,3,4,7,2.29,2.67,2.44
2023/24,2024-02-01,West Ham,Bournemouth,1,1,2,3.06,2.86,3.1
2023/24,2024-02-03,Everton,Tottenham,2,2,4,2.19,2.89,3.29
2023/24,2024-02-03,Brighton,Crystal Palace,4,1,5,2.47,2.69,2.46
2023/24,2024-02-03,Burnley,Fulham,2,2,4,2.71,2.71,2.74
2023/24,2024-02-03,Newcastle,Luton,4,4,8,2.49,2.81,2.91
2023/24,2024-02-03,Sheffield United,Aston Villa,0,5,5,2.1,2.48,3.12
2023/24,2024-02-04,Man United,West Ham,3,0,3,2.19,2.91,2.71
2023/24,2024-02-04,Arsenal,Liverpool,3,1,4,2.48,3.11,2.82
2023/24,2024-02-04,Bournemouth,Nott'm Forest,1,1,2,2.32,2.84,2.99
2023/24,2024-02-04,Chelsea,Wolves,2,4,6,2.68,2.88,2.52
2023/24,2024-02-05,Brentford,Man City,1,3,4,2.63,2.78,2.9
2023/24,2024-02-10,Nott'm Forest,Newcastle,2,3,5,2.46,2.69,3.07
2023/24,2024-02-10,Man City,Everton,2,0,2,2.92,3.08,3.31
2023/24,2024-02-10,Fulham,Bournemouth,3,1,4,2.43,2.78,2.6
2023/24,2024-02-10,Liverpool,Burnley,3,1,4,3.08,3.0,2.89
2023/24,2024-02-10,Luton,Sheffield United,1,3,4,2.99,3.0,3.37
2023/24,2024-02-10,Tottenham,Brighton,2,1,3,3.18,3.03,2.72
2023/24,2024-02-10,Wolves,Brentford,0,2,2,3.07,2.78,2.7
2023/24,2024-02-11,Aston Villa,Man United,1,2,3,2.68,2.96,3.26
2023/24,2024-02-11,West Ham,Arsenal,0,6,6,2.37,2.84,3.01
2023/24,2024-02-12,Crystal Palace,Chelsea,1,3,4,2.55,2.82,2.88
2023/24,2024-02-17,Brentford,Liverpool,1,4,5,2.18,2.75,2.59
2023/24,2024-02-17,Burnley,Arsenal,0,5,5,2.69,2.63,2.75
2023/24,2024-02-17,Fulham,Aston Villa,1,2,3,2.58,2.82,2.55
2023/24,2024-02-17,Newcastle,Bournemouth,2,2,4,3.56,3.06,2.9
2023/24,2024-02-17,Nott'm Forest,West Ham,2,0,2,2.32,2.75,2.83
2023/24,2024-02-17,Tottenham,Wolves,1,2,3,2.86,3.0,2.57
2023/24,2024-02-17,Man City,Chelsea,1,1,2,2.52,3.18,3.44
2023/24,2024-02-18,Sheffield United,Brighton,0,5,5,2.01,2.5,2.84
2023/24,2024-02-18,Luton,Man United,1,2,3,2.47,2.71,2.6
2023/24,2024-02-19,Everton,Crystal Palace,1,1,2,2.47,2.73,2.74
2023/24,2024-02-20,Man City,Brentford,1,0,1,2.85,2.93,2.98
2023/24,2024-02-21,Liverpool,Luton,4,1,5,2.7,3.03,3.27
2023/24,2024-02-24,Arsenal,Newcastle,4,1,5,2.61,3.24,4.08
2023/24,2024-02-24,Bournemouth,Man City,0,1,1,2.27,2.92,2.5
2023/24,2024-02-24,Man United,Fulham,1,2,3,2.6,2.96,2.67
2023/24,2024-02-24,Brighton,Everton,1,1,2,2.21,2.77,2.31
2023/24,2024-02-24,Aston Villa,Nott'm Forest,4,2,6,2.65,2.84,2.69
2023/24,2024-02-24,Crystal Palace,Burnley,3,0,3,2.61,2.77,2.89
2023/24,2024-02-25,Wolves,Sheffield United,1,0,1,2.36,2.79,2.96
2023/24,2024-02-26,West Ham,Brentford,4,2,6,2.55,2.75,3.02
2023/24,2024-03-02,Nott'm Forest,Liverpool,0,1,1,2.16,2.76,2.74
2023/24,2024-03-02,Brentford,Chelsea,2,2,4,2.85,2.78,2.99
2023/24,2024-03-02,Everton,West Ham,1,3,4,2.39,2.71,3.19
2023/24,2024-03-02,Fulham,Brighton,3,0,3,2.25,2.6,2.54
2023/24,2024-03-02,Newcastle,Wolves,3,0,3,2.51,2.97,2.71
2023/24,2024-03-02,Tottenham,Crystal Palace,3,1,4,2.71,3.02,2.87
2023/24,2024-03-02,Luton,Aston Villa,2,3,5,2.41,2.93,2.97
2023/24,2024-03-03,Burnley,Bournemouth,0,2,2,2.7,2.76,3.11
2023/24,2024-03-03,Man City,Man United,3,1,4,2.46,3.05,3.59
2023/24,2024-03-04,Sheffield United,Arsenal,0,6,6,2.78,2.6,3.21
2023/24,2024-03-09,Bournemouth,Sheffield United,2,2,4,2.52,2.78,2.92
2023/24,2024-03-09,Arsenal,Brentford,2,1,3,3.4,3.24,4.09
2023/24,2024-03-09,Wolves,Fulham,2,1,3,2.36,2.79,2.51
2023/24,2024-03-09,Man United,Everton,2,0,2,2.1,2.97,3.09
2023/24,2024-03-09,Crystal Palace,Luton,1,1,2,2.66,2.77,3.25
2023/24,2024-03-10,Aston Villa,Tottenham,0,4,4,2.11,3.16,3.04
2023/24,2024-03-10,Brighton,Nott'm Forest,1,0,1,2.77,2.8,2.88
2023/24,2024-03-10,West Ham,Burnley,2,2,4,2.43,2.81,2.99
2023/24,2024-03-10,Liverpool,Man City,1,1,2,3.4,3.38,3.07
2023/24,2024-03-11,Chelsea,Newcastle,3,2,5,2.17,3.12,3.57
2023/24,2024-03-13,Bournemouth,Luton,4,3,7,2.65,2.81,2.87
2023/24,2024-03-16,Fulham,Tottenham,3,0,3,2.25,2.91,3.04
2023/24,2024-03-16,Burnley,Brentford,2,1,3,2.73,2.75,3.58
2023/24,2024-03-16,Luton,Nott'm Forest,1,1,2,3.19,3.0,3.29
2023/24,2024-03-17,West Ham,Aston Villa,1,1,2,2.57,2.92,3.09
2023/24,2024-03-30,Sheffield United,Fulham,3,3,6,2.2,2.59,3.0
2023/24,2024-03-30,Tottenham,Luton,2,1,3,2.2,2.9,2.83
2023/24,2024-03-30,Nott'm Forest,Crystal Palace,1,1,2,2.26,2.63,2.53
2023/24,2024-03-30,Brentford,Man United,1,1,2,2.47,2.81,2.91
2023/24,2024-03-30,Bournemouth,Everton,2,1,3,2.58,2.82,2.56
2023/24,2024-03-30,Chelsea,Burnley,2,2,4,2.72,3.03,2.95
2023/24,2024-03-30,Aston Villa,Wolves,2,0,2,2.64,3.01,2.38
2023/24,2024-03-30,Newcastle,West Ham,4,3,7,2.88,3.21,3.36
2023/24,2024-03-31,Liverpool,Brighton,2,1,3,2.92,3.15,3.1
2023/24,2024-03-31,Man City,Arsenal,0,0,0,2.58,3.14,3.45
2023/24,2024-04-02,Newcastle,Everton,1,1,2,2.52,3.15,3.39
2023/24,2024-04-02,Nott'm Forest,Fulham,3,1,4,2.37,2.73,2.76
2023/24,2024-04-02,Bournemouth,Crystal Palace,1,0,1,2.93,2.93,2.94
2023/24,2024-04-02,Burnley,Wolves,1,1,2,2.5,2.68,2.72
2023/24,2024-04-02,West Ham,Tottenham,1,1,2,2.11,3.05,3.04
2023/24,2024-04-03,Arsenal,Luton,2,0,2,3.21,3.65,4.72
2023/24,2024-04-03,Brentford,Brighton,0,0,0,2.16,2.67,2.62
2023/24,2024-04-03,Man City,Aston Villa,4,1,5,2.2,3.04,3.24
2023/24,2024-04-04,Liverpool,Sheffield United,3,1,4,2.92,3.18,3.28
2023/24,2024-04-04,Chelsea,Man United,4,3,7,2.22,3.05,3.39
2023/24,2024-04-06,Brighton,Arsenal,0,3,3,2.52,2.78,2.72
2023/24,2024-04-06,Wolves,West Ham,1,2,3,2.41,2.83,2.81
2023/24,2024-04-06,Luton,Bournemouth,2,1,3,2.69,3.08,3.25
2023/24,2024-04-06,Fulham,Newcastle,0,1,1,2.73,3.09,3.37
2023/24,2024-04-06,Everton,Burnley,1,0,1,2.71,2.71,3.11
2023/24,2024-04-06,Aston Villa,Brentford,3,3,6,2.81,3.01,3.08
2023/24,2024-04-06,Crystal Palace,Man City,2,4,6,2.47,2.77,2.59
2023/24,2024-04-07,Man United,Liverpool,2,2,4,1.53,3.16,2.61
2023/24,2024-04-07,Sheffield United,Chelsea,2,2,4,3.02,2.86,3.41
2023/24,2024-04-07,Tottenham,Nott'm Forest,3,1,4,2.61,2.9,2.93
2023/24,2024-04-13,Bournemouth,Man United,2,2,4,2.53,2.9,2.69
2023/24,2024-04-13,Nott'm Forest,Wolves,2,2,4,2.07,2.63,2.35
2023/24,2024-04-13,Man City,Luton,5,1,6,2.9,2.99,3.33
2023/24,2024-04-13,Burnley,Brighton,1,1,2,1.97,2.64,2.61
2023/24,2024-04-13,Brentford,Sheffield United,2,0,2,2.61,2.64,3.07
2023/24,2024-04-13,Newcastle,Tottenham,4,0,4,2.53,3.21,3.24
2023/24,2024-04-14,Liverpool,Crystal Palace,0,1,1,2.96,3.29,3.22
2023/24,2024-04-14,West Ham,Fulham,0,2,2,2.48,2.95,2.67
2023/24,2024-04-14,Arsenal,Aston Villa,0,2,2,2.88,3.44,3.74
2023/24,2024-04-15,Chelsea,Everton,6,0,6,2.14,3.02,3.47
2023/24,2024-04-20,Wolves,Arsenal,0,2,2,2.38,2.88,2.7
2023/24,2024-04-20,Luton,Brentford,1,5,6,3.05,2.9,3.26
2023/24,2024-04-20,Sheffield United,Burnley,1,4,5,2.4,2.66,3.04
2023/24,2024-04-21,Everton,Nott'm Forest,2,0,2,2.47,2.61,3.1
2023/24,2024-04-21,Aston Villa,Bournemouth,3,1,4,2.43,2.93,2.69
2023/24,2024-04-21,Crystal Palace,West Ham,5,2,7,2.61,2.84,2.91
2023/24,2024-04-21,Fulham,Liverpool,1,3,4,2.47,3.03,2.55
2023/24,2024-04-23,Arsenal,Chelsea,5,0,5,2.63,3.48,3.93
2023/24,2024-04-24,Wolves,Bournemouth,0,1,1,2.51,2.67,2.62
2023/24,2024-04-24,Crystal Palace,Newcastle,2,0,2,2.36,2.89,3.18
2023/24,2024-04-24,Everton,Liverpool,2,0,2,1.71,2.82,2.89
2023/24,2024-04-24,Man United,Sheffield United,4,2,6,2.27,3.01,3.41
2023/24,2024-04-25,Brighton,Man City,0,4,4,2.29,2.75,2.59
2023/24,2024-04-27,Everton,Brentford,1,0,1,2.22,2.68,3.25
2023/24,2024-04-27,Aston Villa,Chelsea,2,2,4,2.51,3.21,3.46
2023/24,2024-04-27,Newcastle,Sheffield United,5,1,6,2.53,2.99,3.16
2023/24,2024-04-27,Wolves,Luton,2,1,3,2.16,2.74,3.28
2023/24,2024-04-27,Fulham,Crystal Palace,1,1,2,2.42,2.86,2.86
2023/24,2024-04-27,West Ham,Liverpool,2,2,4,2.13,3.03,2.83
2023/24,2024-04-27,Man United,Burnley,1,1,2,2.58,2.93,3.23
2023/24,2024-04-28,Bournemouth,Brighton,3,0,3,2.16,2.81,2.56
2023/24,2024-04-28,Tottenham,Arsenal,2,3,5,2.07,3.17,2.89
2023/24,2024-04-28,Nott'm Forest,Man City,0,2,2,2.45,2.65,2.78
2023/24,2024-05-02,Chelsea,Tottenham,2,0,2,2.1,3.28,3.25
2023/24,2024-05-03,Luton,Everton,1,1,2,2.51,2.74,3.0
2023/24,2024-05-04,Arsenal,Bournemouth,3,0,3,3.07,3.22,3.17
2023/24,2024-05-04,Brentford,Fulham,0,0,0,2.37,2.82,3.03
2023/24,2024-05-04,Burnley,Newcastle,1,4,5,3.05,2.77,3.42
2023/24,2024-05-04,Sheffield United,Nott'm Forest,1,3,4,2.65,2.69,3.51
2023/24,2024-05-04,Man City,Wolves,5,1,6,2.69,3.05,3.48
2023/24,2024-05-05,Chelsea,West Ham,5,0,5,2.74,3.24,3.31
2023/24,2024-05-05,Brighton,Aston Villa,1,0,1,2.3,2.75,3.25
2023/24,2024-05-05,Liverpool,Tottenham,4,2,6,2.26,3.21,3.25
2023/24,2024-05-06,Crystal Palace,Man United,4,0,4,2.19,2.79,3.22
2023/24,2024-05-11,Wolves,Crystal Palace,1,3,4,2.18,2.72,3.25
2023/24,2024-05-11,Tottenham,Burnley,2,1,3,3.05,2.99,3.27
2023/24,2024-05-11,Nott'm Forest,Chelsea,2,3,5,2.26,2.77,3.21
2023/24,2024-05-11,West Ham,Luton,3,1,4,2.9,2.92,3.59
2023/24,2024-05-11,Everton,Sheffield United,1,0,1,2.52,2.71,3.38
2023/24,2024-05-11,Newcastle,Brighton,1,1,2,2.65,2.85,3.1
2023/24,2024-05-11,Bournemouth,Brentford,1,2,3,2.53,2.73,3.01
2023/24,2024-05-11,Fulham,Man City,0,4,4,3.18,2.83,2.87
2023/24,2024-05-12,Man United,Arsenal,0,1,1,2.35,3.04,2.92
2023/24,2024-05-13,Aston Villa,Liverpool,3,3,6,2.19,3.02,2.98
2023/24,2024-05-14,Tottenham,Man City,0,2,2,2.66,3.11,3.27
2023/24,2024-05-15,Brighton,Chelsea,1,2,3,2.77,2.76,3.38
2023/24,2024-05-15,Man United,Newcastle,3,2,5,2.33,3.12,2.94
2023/24,2024-05-19,Man City,West Ham,3,1,4,4.58,3.39,3.79
2023/24,2024-05-19,Luton,Fulham,2,4,6,2.28,2.66,2.95
2023/24,2024-05-19,Liverpool,Wolves,2,0,2,2.87,3.06,3.14
2023/24,2024-05-19,Crystal Palace,Aston Villa,5,0,5,2.59,2.88,3.45
2023/24,2024-05-19,Sheffield United,Tottenham,0,3,3,3.43,2.8,3.82
2023/24,2024-05-19,Burnley,Nott'm Forest,1,2,3,2.44,2.62,2.8
2023/24,2024-05-19,Brighton,Man United,0,2,2,3.06,2.73,3.3
2023/24,2024-05-19,Brentford,Newcastle,2,4,6,3.68,2.8,3.29
2023/24,2024-05-19,Arsenal,Everton,2,1,3,3.93,3.17,4.56
2023/24,2024-05-19,Chelsea,Bournemouth,2,1,3,3.67,3.11,3.15
2024/25,2024-08-16,Man United,Fulham,1,0,1,3.44,2.99,3.34
2024/25,2024-08-17,Nott'm Forest,Bournemouth,1,1,2,2.81,2.73,3.1
2024/25,2024-08-17,Newcastle,Southampton,1,0,1,3.52,3.04,4.9
2024/25,2024-08-17,West Ham,Aston Villa,1,2,3,3.09,2.9,4.1
2024/25,2024-08-17,Arsenal,Wolves,2,0,2,3.67,3.01,4.25
2024/25,2024-08-17,Ipswich,Liverpool,0,2,2,3.21,2.64,3.29
2024/25,2024-08-17,Everton,Brighton,0,3,3,2.34,2.53,2.71
2024/25,2024-08-18,Brentford,Crystal Palace,2,1,3,2.7,2.63,2.94
2024/25,2024-08-18,Chelsea,Man City,0,2,2,3.72,3.2,3.78
2024/25,2024-08-19,Leicester,Tottenham,1,1,2,3.0,2.88,3.26
2024/25,2024-08-24,Aston Villa,Arsenal,0,2,2,3.55,3.01,3.8
2024/25,2024-08-24,Brighton,Man United,2,1,3,2.57,2.66,2.93
2024/25,2024-08-24,Crystal Palace,West Ham,0,2,2,3.37,3.04,3.76
2024/25,2024-08-24,Fulham,Leicester,2,1,3,1.99,2.69,2.62
2024/25,2024-08-24,Man City,Ipswich,4,1,5,4.52,3.25,4.85
2024/25,2024-08-24,Southampton,Nott'm Forest,0,1,1,2.46,2.74,2.76
2024/25,2024-08-24,Tottenham,Everton,4,0,4,2.87,2.85,3.6
2024/25,2024-08-25,Liverpool,Brentford,2,0,2,3.15,3.03,3.27
2024/25,2024-08-25,Bournemouth,Newcastle,1,1,2,3.23,2.72,2.84
2024/25,2024-08-25,Wolves,Chelsea,2,6,8,3.6,2.79,2.86
2024/25,2024-08-31,Arsenal,Brighton,1,1,2,3.33,3.05,3.71
2024/25,2024-08-31,Brentford,Southampton,3,1,4,2.69,2.76,2.87
2024/25,2024-08-31,Everton,Bournemouth,2,3,5,2.62,2.64,2.87
2024/25,2024-08-31,Ipswich,Fulham,1,1,2,2.99,2.4,2.58
2024/25,2024-08-31,Leicester,Aston Villa,1,2,3,2.91,2.81,3.32
2024/25,2024-08-31,Nott'm Forest,Wolves,1,1,2,2.18,2.62,2.65
2024/25,2024-08-31,West Ham,Man City,1,3,4,3.2,2.9,3.5
2024/25,2024-09-01,Chelsea,Crystal Palace,1,1,2,2.81,3.14,3.17
2024/25,2024-09-01,Newcastle,Tottenham,2,1,3,2.98,3.24,3.9
2024/25,2024-09-01,Man United,Liverpool,0,3,3,2.74,2.96,3.41
2024/25,2024-09-14,Man City,Brentford,2,1,3,3.52,3.13,3.3
2024/25,2024-09-14,Bournemouth,Chelsea,0,1,1,3.08,2.86,2.84
2024/25,2024-09-14,Aston Villa,Everton,3,2,5,3.19,2.94,3.61
2024/25,2024-09-14,Liverpool,Nott'm Forest,0,1,1,3.11,2.88,3.06
2024/25,2024-09-14,Crystal Palace,Leicester,2,2,4,3.01,2.93,3.22
2024/25,2024-09-14,Brighton,Ipswich,0,0,0,2.51,2.53,2.44
2024/25,2024-09-14,Southampton,Man United,0,3,3,3.25,2.84,2.94
2024/25,2024-09-14,Fulham,West Ham,1,1,2,2.98,2.87,3.02
2024/25,2024-09-15,Tottenham,Arsenal,0,1,1,3.1,3.0,3.49
2024/25,2024-09-15,Wolves,Newcastle,1,2,3,3.35,2.74,3.24
2024/25,2024-09-21,West Ham,Chelsea,0,3,3,3.21,2.91,3.43
2024/25,2024-09-21,Aston Villa,Wolves,3,1,4,2.79,2.89,3.02
2024/25,2024-09-21,Fulham,Newcastle,3,1,4,3.0,2.85,2.84
2024/25,2024-09-21,Leicester,Everton,1,1,2,2.91,2.6,3.09
2024/25,2024-09-21,Liverpool,Bournemouth,3,0,3,3.42,2.96,3.28
2024/25,2024-09-21,Southampton,Ipswich,1,1,2,2.53,2.63,3.04
2024/25,2024-09-21,Tottenham,Brentford,3,1,4,2.73,2.69,2.81
2024/25,2024-09-21,Crystal Palace,Man United,0,0,0,3.37,2.98,2.97
2024/25,2024-09-22,Brighton,Nott'm Forest,2,2,4,2.45,2.56,2.54
2024/25,2024-09-22,Man City,Arsenal,2,2,4,3.1,3.37,3.52
2024/25,2024-09-28,Everton,Crystal Palace,2,1,3,3.08,2.68,3.01
2024/25,2024-09-28,Nott'm Forest,Fulham,0,1,1,2.75,2.72,2.73
2024/25,2024-09-28,Wolves,Liverpool,1,2,3,3.05,2.69,2.68
2024/25,2024-09-28,Chelsea,Brighton,4,2,6,3.04,2.94,3.44
2024/25,2024-09-28,Arsenal,Leicester,4,2,6,3.57,3.15,3.63
2024/25,2024-09-28,Newcastle,Man City,1,1,2,2.68,3.15,3.22
2024/25,2024-09-28,Brentford,West Ham,1,1,2,2.94,2.9,2.85
2024/25,2024-09-29,Ipswich,Aston Villa,2,2,4,3.12,2.51,2.68
2024/25,2024-09-29,Man United,Tottenham,0,3,3,2.84,2.85,3.41
2024/25,2024-09-30,Bournemouth,Southampton,3,1,4,2.26,2.75,2.69
2024/25,2024-10-05,Everton,Newcastle,0,0,0,3.32,2.87,3.2
2024/25,2024-10-05,West Ham,Ipswich,4,1,5,2.51,2.63,2.69
2024/25,2024-10-05,Man City,Fulham,3,2,5,3.3,3.28,3.5
2024/25,2024-10-05,Leicester,Bournemouth,1,0,1,2.71,2.66,2.63
2024/25,2024-10-05,Brentford,Wolves,5,3,8,2.68,2.7,2.57
2024/25,2024-10-05,Arsenal,Southampton,3,1,4,2.88,3.24,3.56
2024/25,2024-10-05,Crystal Palace,Liverpool,0,1,1,2.62,3.0,2.69
2024/25,2024-10-06,Aston Villa,Man United,0,0,0,2.77,2.95,3.32
2024/25,2024-10-06,Chelsea,Nott'm Forest,1,1,2,3.09,3.0,3.24
2024/25,2024-10-06,Brighton,Tottenham,3,2,5,2.72,2.66,2.43
2024/25,2024-10-19,Bournemouth,Arsenal,2,0,2,2.97,2.69,2.74
2024/25,2024-10-19,Southampton,Leicester,2,3,5,2.7,2.62,2.86
2024/25,2024-10-19,Newcastle,Brighton,0,1,1,2.95,2.71,2.61
2024/25,2024-10-19,Tottenham,West Ham,4,1,5,2.86,3.02,3.37
2024/25,2024-10-19,Ipswich,Everton,0,2,2,2.4,2.38,2.45
2024/25,2024-10-19,Fulham,Aston Villa,1,3,4,3.03,2.87,3.01
2024/25,2024-10-19,Man United,Brentford,2,1,3,2.8,2.61,2.55
2024/25,2024-10-20,Wolves,Man City,1,2,3,2.53,2.78,3.58
2024/25,2024-10-20,Liverpool,Chelsea,2,1,3,1.98,3.16,3.35
2024/25,2024-10-21,Nott'm Forest,Crystal Palace,1,0,1,2.26,2.55,2.64
2024/25,2024-10-25,Leicester,Nott'm Forest,1,3,4,2.43,2.6,2.46
2024/25,2024-10-26,Everton,Fulham,1,1,2,2.94,2.7,2.8
2024/25,2024-10-26,Aston Villa,Bournemouth,1,1,2,2.73,2.79,2.7
2024/25,2024-10-26,Brentford,Ipswich,4,3,7,3.0,2.8,2.85
2024/25,2024-10-26,Brighton,Wolves,2,2,4,2.93,2.73,2.61
2024/25,2024-10-26,Man City,Southampton,1,0,1,3.0,3.31,3.76
2024/25,2024-10-27,Arsenal,Liverpool,2,2,4,2.55,3.12,3.03
2024/25,2024-10-27,West Ham,Man United,2,1,3,2.17,2.85,3.25
2024/25,2024-10-27,Chelsea,Newcastle,2,1,3,2.75,3.13,3.4
2024/25,2024-10-27,Crystal Palace,Tottenham,1,0,1,2.77,2.76,2.41
2024/25,2024-11-02,Newcastle,Arsenal,1,0,1,2.14,2.83,3.33
2024/25,2024-11-02,Bournemouth,Man City,2,1,3,2.85,2.8,3.03
2024/25,2024-11-02,Ipswich,Leicester,1,1,2,2.68,2.55,2.89
2024/25,2024-11-02,Liverpool,Brighton,2,1,3,2.68,2.77,2.85
2024/25,2024-11-02,Nott'm Forest,West Ham,3,0,3,2.57,2.67,2.51
2024/25,2024-11-02,Southampton,Everton,1,0,1,2.82,2.7,2.87
2024/25,2024-11-02,Wolves,Crystal Palace,2,2,4,2.53,2.66,2.75
2024/25,2024-11-03,Tottenham,Aston Villa,4,1,5,2.85,2.96,3.5
2024/25,2024-11-03,Man United,Chelsea,1,1,2,2.45,2.83,3.32
2024/25,2024-11-04,Fulham,Brentford,2,1,3,2.97,2.78,2.85
2024/25,2024-11-09,Liverpool,Aston Villa,2,0,2,2.74,3.03,3.27
2024/25,2024-11-09,Wolves,Southampton,2,0,2,2.78,2.67,2.82
2024/25,2024-11-09,Brighton,Man City,2,1,3,2.96,2.83,3.13
2024/25,2024-11-09,Crystal Palace,Fulham,0,2,2,2.49,2.64,2.38
2024/25,2024-11-09,Brentford,Bournemouth,3,2,5,2.73,2.78,2.65
2024/25,2024-11-09,West Ham,Everton,0,0,0,2.53,2.81,3.38
2024/25,2024-11-10,Man United,Leicester,3,0,3,2.64,2.68,2.62
2024/25,2024-11-10,Nott'm Forest,Newcastle,1,3,4,2.66,2.68,2.47
2024/25,2024-11-10,Tottenham,Ipswich,1,2,3,3.05,2.8,2.81
2024/25,2024-11-10,Chelsea,Arsenal,1,1,2,2.28,3.06,3.32
2024/25,2024-11-23,Man City,Tottenham,0,4,4,2.59,3.25,3.18
2024/25,2024-11-23,Fulham,Wolves,1,4,5,2.54,2.78,2.87
2024/25,2024-11-23,Everton,Brentford,0,0,0,2.69,2.57,2.66
2024/25,2024-11-23,Arsenal,Nott'm Forest,3,0,3,2.8,2.8,2.42
2024/25,2024-11-23,Aston Villa,Crystal Palace,2,2,4,2.64,2.73,2.62
2024/25,2024-11-23,Leicester,Chelsea,1,2,3,2.93,2.81,2.93
2024/25,2024-11-23,Bournemouth,Brighton,1,2,3,2.66,2.68,2.37
2024/25,2024-11-24,Southampton,Liverpool,2,3,5,2.88,2.57,3.08
2024/25,2024-11-24,Ipswich,Man United,1,1,2,2.65,2.55,2.56
2024/25,2024-11-25,Newcastle,West Ham,0,2,2,2.95,2.9,3.03
2024/25,2024-11-29,Brighton,Southampton,1,1,2,2.46,2.76,2.45
2024/25,2024-11-30,West Ham,Arsenal,2,5,7,2.8,2.81,3.42
2024/25,2024-11-30,Nott'm Forest,Ipswich,1,0,1,2.51,2.6,2.43
2024/25,2024-11-30,Wolves,Bournemouth,2,4,6,2.41,2.61,2.63
2024/25,2024-11-30,Crystal Palace,Newcastle,1,1,2,2.56,2.67,2.39
2024/25,2024-11-30,Brentford,Leicester,4,1,5,3.16,2.91,2.74
2024/25,2024-12-01,Chelsea,Aston Villa,3,0,3,3.24,3.06,3.26
2024/25,2024-12-01,Man United,Everton,4,0,4,2.73,2.76,3.58
2024/25,2024-12-01,Tottenham,Fulham,1,1,2,2.71,2.93,3.11
2024/25,2024-12-01,Liverpool,Man City,2,0,2,2.67,3.14,3.52
2024/25,2024-12-03,Ipswich,Crystal Palace,0,1,1,2.64,2.46,2.71
2024/25,2024-12-03,Leicester,West Ham,3,1,4,2.8,2.85,2.81
2024/25,2024-12-04,Aston Villa,Brentford,3,1,4,2.86,2.89,2.98
2024/25,2024-12-04,Arsenal,Man United,2,0,2,3.14,3.06,3.21
2024/25,2024-12-04,Southampton,Chelsea,1,5,6,2.84,2.69,3.07
2024/25,2024-12-04,Everton,Wolves,4,0,4,2.94,2.65,2.81
2024/25,2024-12-04,Man City,Nott'm Forest,3,0,3,2.39,2.85,2.87
2024/25,2024-12-04,Newcastle,Liverpool,3,3,6,2.58,2.82,2.93
2024/25,2024-12-05,Fulham,Brighton,3,1,4,2.64,2.69,2.22
2024/25,2024-12-05,Bournemouth,Tottenham,1,0,1,2.91,2.82,2.39
2024/25,2024-12-07,Man United,Nott'm Forest,2,3,5,2.47,2.6,2.32
2024/25,2024-12-07,Crystal Palace,Man City,2,2,4,2.85,2.78,3.01
2024/25,2024-12-07,Aston Villa,Southampton,1,0,1,3.36,2.9,3.01
2024/25,2024-12-07,Brentford,Newcastle,4,2,6,3.07,2.96,2.79
2024/25,2024-12-08,Fulham,Arsenal,1,1,2,2.74,2.94,2.6
2024/25,2024-12-08,Ipswich,Bournemouth,1,2,3,2.67,2.48,2.66
2024/25,2024-12-08,Leicester,Brighton,2,2,4,2.57,2.77,2.61
2024/25,2024-12-08,Tottenham,Chelsea,3,4,7,2.22,3.09,3.02
2024/25,2024-12-09,West Ham,Wolves,2,1,3,2.68,2.79,3.01
2024/25,2024-12-14,Nott'm Forest,Aston Villa,2,1,3,2.54,2.75,2.67
2024/25,2024-12-14,Arsenal,Everton,0,0,0,2.74,3.03,3.48
2024/25,2024-12-14,Liverpool,Fulham,2,2,4,2.95,3.06,3.01
2024/25,2024-12-14,Newcastle,Leicester,4,0,4,3.09,2.86,2.71
2024/25,2024-12-14,Wolves,Ipswich,1,2,3,2.53,2.74,2.73
2024/25,2024-12-15,Chelsea,Brentford,2,1,3,2.6,3.11,2.99
2024/25,2024-12-15,Southampton,Tottenham,0,5,5,2.53,2.74,3.32
2024/25,2024-12-15,Brighton,Crystal Palace,1,3,4,2.42,2.73,2.19
2024/25,2024-12-15,Man City,Man United,1,2,3,2.56,3.01,3.19
2024/25,2024-12-16,Bournemouth,West Ham,1,1,2,2.6,2.9,2.74
2024/25,2024-12-21,Crystal Palace,Arsenal,1,5,6,2.75,2.77,2.32
2024/25,2024-12-21,West Ham,Brighton,1,1,2,2.76,2.75,2.66
2024/25,2024-12-21,Aston Villa,Man City,2,1,3,2.85,2.85,3.35
2024/25,2024-12-21,Brentford,Nott'm Forest,0,2,2,2.85,2.93,2.73
2024/25,2024-12-21,Ipswich,Newcastle,0,4,4,2.56,2.49,2.62
2024/25,2024-12-22,Everton,Chelsea,0,0,0,2.02,2.7,3.54
2024/25,2024-12-22,Fulham,Southampton,0,0,0,2.4,2.84,2.6
2024/25,2024-12-22,Leicester,Wolves,0,3,3,2.62,2.79,3.05
2024/25,2024-12-22,Man United,Bournemouth,0,3,3,2.65,2.73,2.33
2024/25,2024-12-22,Tottenham,Liverpool,3,6,9,2.09,3.17,2.98
2024/25,2024-12-26,Wolves,Man United,2,0,2,2.38,2.7,3.0
2024/25,2024-12-26,Southampton,West Ham,0,1,1,2.31,2.6,3.09
2024/25,2024-12-26,Nott'm Forest,Tottenham,1,0,1,2.61,2.81,2.68
2024/25,2024-12-26,Liverpool,Leicester,3,1,4,3.4,3.19,3.39
2024/25,2024-12-26,Chelsea,Fulham,1,2,3,3.05,3.0,3.14
2024/25,2024-12-26,Bournemouth,Crystal Palace,0,0,0,2.61,2.73,2.42
2024/25,2024-12-26,Man City,Everton,1,1,2,2.47,2.81,3.44
2024/25,2024-12-26,Newcastle,Aston Villa,3,0,3,2.81,2.98,3.22
2024/25,2024-12-27,Brighton,Brentford,0,0,0,2.8,2.77,2.65
2024/25,2024-12-27,Arsenal,Ipswich,1,0,1,2.72,2.79,2.72
2024/25,2024-12-29,West Ham,Liverpool,0,5,5,2.79,2.85,3.48
2024/25,2024-12-29,Tottenham,Wolves,2,2,4,3.09,3.14,2.77
2024/25,2024-12-29,Fulham,Bournemouth,2,2,4,2.71,2.74,2.42
2024/25,2024-12-29,Everton,Nott'm Forest,0,2,2,2.48,2.45,2.45
2024/25,2024-12-29,Leicester,Man City,0,2,2,2.69,2.77,2.72
2024/25,2024-12-29,Crystal Palace,Southampton,2,1,3,2.23,2.72,2.59
2024/25,2024-12-30,Aston Villa,Brighton,2,2,4,2.56,2.66,2.52
2024/25,2024-12-30,Ipswich,Chelsea,2,0,2,2.65,2.55,2.78
2024/25,2024-12-30,Man United,Newcastle,0,2,2,2.38,2.91,2.94
2024/25,2025-01-01,Brentford,Arsenal,1,3,4,2.49,2.8,2.54
2024/25,2025-01-04,Man City,West Ham,4,1,5,2.34,2.94,3.03
2024/25,2025-01-04,Crystal Palace,Chelsea,1,1,2,2.61,2.81,2.36
2024/25,2025-01-04,Southampton,Brentford,0,5,5,2.7,2.59,3.2
2024/25,2025-01-04,Aston Villa,Leicester,2,1,3,2.72,2.81,2.85
2024/25,2025-01-04,Tottenham,Newcastle,1,2,3,2.45,3.23,3.0
2024/25,2025-01-04,Bournemouth,Everton,1,0,1,2.54,2.75,2.68
2024/25,2025-01-04,Brighton,Arsenal,1,1,2,2.52,2.72,2.13
2024/25,2025-01-05,Liverpool,Man United,2,2,4,3.3,3.3,3.53
2024/25,2025-01-05,Fulham,Ipswich,2,2,4,2.63,2.62,2.4
2024/25,2025-01-06,Wolves,Nott'm Forest,0,3,3,2.47,2.66,2.62
2024/25,2025-01-14,Brentford,Man City,2,2,4,2.71,2.83,2.44
2024/25,2025-01-14,Chelsea,Bournemouth,2,2,4,2.61,2.93,2.5
2024/25,2025-01-14,West Ham,Fulham,3,2,5,2.54,2.74,2.77
2024/25,2025-01-14,Nott'm Forest,Liverpool,1,1,2,2.62,2.71,2.68
2024/25,2025-01-15,Newcastle,Wolves,3,0,3,2.85,3.01,3.42
2024/25,2025-01-15,Arsenal,Tottenham,2,1,3,2.45,3.17,3.47
2024/25,2025-01-15,Everton,Aston Villa,0,1,1,2.31,2.63,3.26
2024/25,2025-01-15,Leicester,Crystal Palace,0,2,2,2.3,2.66,2.81
2024/25,2025-01-16,Ipswich,Brighton,0,2,2,2.23,2.41,2.13
2024/25,2025-01-16,Man United,Southampton,3,1,4,2.57,2.86,2.82
2024/25,2025-01-18,Newcastle,Bournemouth,1,4,5,2.5,2.9,2.86
2024/25,2025-01-18,Brentford,Liverpool,0,2,2,2.9,2.9,2.65
2024/25,2025-01-18,Leicester,Fulham,0,2,2,2.53,2.66,3.01
2024/25,2025-01-18,West Ham,Crystal Palace,0,2,2,2.62,2.8,2.64
2024/25,2025-01-18,Arsenal,Aston Villa,2,2,4,2.95,3.07,3.4
2024/25,2025-01-19,Ipswich,Man City,0,6,6,2.87,2.67,2.56
2024/25,2025-01-19,Nott'm Forest,Southampton,3,2,5,2.32,2.77,2.68
2024/25,2025-01-19,Everton,Tottenham,3,2,5,2.43,2.7,3.76
2024/25,2025-01-19,Man United,Brighton,1,3,4,2.57,2.81,2.31
2024/25,2025-01-20,Chelsea,Wolves,3,1,4,3.38,3.17,3.01
2024/25,2025-01-25,Bournemouth,Nott'm Forest,5,0,5,2.33,2.81,2.41
2024/25,2025-01-25,Brighton,Everton,0,1,1,2.28,2.65,2.34
2024/25,2025-01-25,Liverpool,Ipswich,4,1,5,2.83,3.12,3.48
2024/25,2025-01-25,Southampton,Newcastle,1,3,4,2.36,2.7,3.05
2024/25,2025-01-25,Wolves,Arsenal,0,1,1,2.22,2.78,2.6
2024/25,2025-01-25,Man City,Chelsea,3,1,4,2.05,3.05,3.35
2024/25,2025-01-26,Crystal Palace,Brentford,1,2,3,2.29,2.71,2.74
2024/25,2025-01-26,Tottenham,Leicester,1,2,3,3.46,3.2,3.5
2024/25,2025-01-26,Aston Villa,West Ham,1,1,2,2.5,2.89,2.86
2024/25,2025-01-26,Fulham,Man United,0,1,1,2.72,2.94,2.78
2024/25,2025-02-01,Newcastle,Fulham,1,2,3,2.92,3.06,2.65
2024/25,2025-02-01,Wolves,Aston Villa,2,0,2,2.33,2.71,2.72
2024/25,2025-02-01,Everton,Leicester,4,0,4,2.85,2.76,2.74
2024/25,2025-02-01,Bournemouth,Liverpool,0,2,2,2.83,3.05,2.86
2024/25,2025-02-01,Nott'm Forest,Brighton,7,0,7,2.6,2.79,2.39
2024/25,2025-02-01,Ipswich,Southampton,1,2,3,3.21,2.68,3.24
2024/25,2025-02-02,Brentford,Tottenham,0,2,2,2.72,2.95,2.91
2024/25,2025-02-02,Man United,Crystal Palace,0,2,2,2.27,2.73,2.3
2024/25,2025-02-02,Arsenal,Man City,5,1,6,2.07,3.03,3.32
2024/25,2025-02-03,Chelsea,West Ham,2,1,3,2.74,3.08,3.15
2024/25,2025-02-12,Everton,Liverpool,2,2,4,2.46,2.92,3.24
2024/25,2025-02-14,Brighton,Chelsea,3,0,3,2.68,2.78,2.54
2024/25,2025-02-15,Crystal Palace,Everton,1,2,3,2.47,2.63,2.59
2024/25,2025-02-15,Leicester,Arsenal,0,2,2,2.87,2.65,2.99
2024/25,2025-02-15,Aston Villa,Ipswich,1,1,2,2.18,2.64,2.49
2024/25,2025-02-15,Fulham,Nott'm Forest,2,1,3,2.18,2.75,2.36
2024/25,2025-02-15,Man City,Newcastle,4,0,4,2.1,3.11,3.08
2024/25,2025-02-15,Southampton,Bournemouth,1,3,4,2.53,2.53,2.72
2024/25,2025-02-15,West Ham,Brentford,0,1,1,2.75,2.71,2.7
2024/25,2025-02-16,Tottenham,Man United,1,0,1,2.73,3.17,3.58
2024/25,2025-02-16,Liverpool,Wolves,2,1,3,3.14,3.21,3.39
2024/25,2025-02-19,Aston Villa,Liverpool,2,2,4,2.19,2.92,2.91
2024/25,2025-02-21,Leicester,Brentford,0,4,4,2.68,2.59,3.21
2024/25,2025-02-22,Everton,Man United,2,2,4,2.71,2.84,3.33
2024/25,2025-02-22,Arsenal,West Ham,0,1,1,2.82,3.14,3.6
2024/25,2025-02-22,Bournemouth,Wolves,0,1,1,3.02,2.89,3.01
2024/25,2025-02-22,Fulham,Crystal Palace,0,2,2,2.34,2.75,2.29
2024/25,2025-02-22,Ipswich,Tottenham,1,4,5,2.92,2.77,3.19
2024/25,2025-02-22,Southampton,Brighton,0,4,4,2.5,2.58,3.03
2024/25,2025-02-22,Aston Villa,Chelsea,2,1,3,2.55,2.82,3.11
2024/25,2025-02-23,Newcastle,Nott'm Forest,4,3,7,2.74,2.92,2.68
2024/25,2025-02-23,Man City,Liverpool,0,2,2,2.24,3.19,3.01
2024/25,2025-02-25,Crystal Palace,Aston Villa,4,1,5,2.38,2.72,2.43
2024/25,2025-02-25,Wolves,Fulham,1,2,3,2.6,2.68,2.52
2024/25,2025-02-25,Brighton,Bournemouth,2,1,3,2.43,2.76,2.27
2024/25,2025-02-25,Chelsea,Southampton,4,0,4,2.4,2.9,3.31
2024/25,2025-02-26,Liverpool,Newcastle,2,0,2,1.96,3.21,3.39
2024/25,2025-02-26,Nott'm Forest,Arsenal,0,0,0,2.39,2.96,2.72
2024/25,2025-02-26,Tottenham,Man City,0,1,1,2.28,3.07,3.2
2024/25,2025-02-26,Brentford,Everton,1,1,2,3.02,2.63,2.58
2024/25,2025-02-26,Man United,Ipswich,3,2,5,2.38,2.63,2.8
2024/25,2025-02-27,West Ham,Leicester,2,0,2,2.81,2.71,2.92
2024/25,2025-03-08,Nott'm Forest,Man City,1,0,1,2.38,2.96,2.53
2024/25,2025-03-08,Brighton,Fulham,2,1,3,2.62,2.81,2.3
2024/25,2025-03-08,Crystal Palace,Ipswich,1,0,1,2.45,2.62,2.61
2024/25,2025-03-08,Liverpool,Southampton,3,1,4,2.3,3.17,3.61
2024/25,2025-03-08,Brentford,Aston Villa,0,1,1,2.82,2.78,2.6
2024/25,2025-03-08,Wolves,Everton,1,1,2,2.33,2.58,2.65
2024/25,2025-03-09,Chelsea,Leicester,1,0,1,2.46,2.92,3.16
2024/25,2025-03-09,Tottenham,Bournemouth,2,2,4,2.46,2.81,2.44
2024/25,2025-03-09,Man United,Arsenal,1,1,2,2.19,2.86,2.95
2024/25,2025-03-10,West Ham,Newcastle,0,1,1,2.75,2.77,3.59
2024/25,2025-03-15,Southampton,Wolves,1,2,3,2.64,2.66,3.04
2024/25,2025-03-15,Bournemouth,Brentford,1,2,3,2.65,2.96,2.62
2024/25,2025-03-15,Man City,Brighton,2,2,4,2.62,2.96,2.59
2024/25,2025-03-15,Ipswich,Nott'm Forest,2,4,6,2.39,2.54,2.7
2024/25,2025-03-15,Everton,West Ham,1,1,2,2.56,2.92,3.02
2024/25,2025-03-16,Arsenal,Chelsea,1,0,1,2.38,3.06,3.26
2024/25,2025-03-16,Fulham,Tottenham,2,0,2,2.39,2.95,2.62
2024/25,2025-03-16,Leicester,Man United,0,3,3,2.56,2.55,3.23
2024/25,2025-04-01,Arsenal,Fulham,2,1,3,2.7,2.94,3.05
2024/25,2025-04-01,Wolves,West Ham,1,0,1,2.53,2.67,2.72
2024/25,2025-04-01,Nott'm Forest,Man United,1,0,1,2.63,3.01,2.76
2024/25,2025-04-02,Bournemouth,Ipswich,1,2,3,2.88,2.95,3.12
2024/25,2025-04-02,Brighton,Aston Villa,0,3,3,2.53,2.76,2.67
2024/25,2025-04-02,Man City,Leicester,2,0,2,3.1,2.99,2.93
2024/25,2025-04-02,Newcastle,Brentford,2,1,3,2.54,3.01,2.55
2024/25,2025-04-02,Southampton,Crystal Palace,1,1,2,2.24,2.62,2.9
2024/25,2025-04-02,Liverpool,Everton,1,0,1,2.81,3.1,3.68
2024/25,2025-04-03,Chelsea,Tottenham,1,0,1,2.51,3.05,3.21
2024/25,2025-04-05,Aston Villa,Nott'm Forest,2,1,3,2.64,2.77,2.51
2024/25,2025-04-05,Ipswich,Wolves,1,2,3,2.52,2.66,2.98
2024/25,2025-04-05,West Ham,Bournemouth,2,2,4,2.61,2.65,3.03
2024/25,2025-04-05,Everton,Arsenal,1,1,2,2.0,2.93,2.93
2024/25,2025-04-05,Crystal Palace,Brighton,2,1,3,2.65,2.79,2.71
2024/25,2025-04-06,Brentford,Chelsea,0,0,0,2.18,2.74,2.49
2024/25,2025-04-06,Fulham,Liverpool,3,2,5,2.4,2.92,2.44
2024/25,2025-04-06,Tottenham,Southampton,3,1,4,3.12,2.94,3.16
2024/25,2025-04-06,Man United,Man City,0,0,0,2.4,2.97,3.12
2024/25,2025-04-07,Leicester,Newcastle,0,3,3,2.81,2.55,3.69
2024/25,2025-04-12,Brighton,Leicester,2,2,4,2.71,2.87,2.98
2024/25,2025-04-12,Man City,Crystal Palace,5,2,7,2.46,2.87,2.67
2024/25,2025-04-12,Nott'm Forest,Everton,0,1,1,2.57,2.83,2.61
2024/25,2025-04-12,Southampton,Aston Villa,0,3,3,2.28,2.66,3.01
2024/25,2025-04-12,Arsenal,Brentford,1,1,2,2.62,2.78,2.78
2024/25,2025-04-13,Wolves,Tottenham,4,2,6,2.56,2.73,2.76
2024/25,2025-04-13,Newcastle,Man United,4,1,5,2.42,3.07,3.35
2024/25,2025-04-13,Chelsea,Ipswich,2,2,4,2.72,2.79,3.03
2024/25,2025-04-13,Liverpool,West Ham,2,1,3,2.9,3.13,3.82
2024/25,2025-04-14,Bournemouth,Fulham,1,0,1,2.64,2.91,2.63
2024/25,2025-04-16,Newcastle,Crystal Palace,5,0,5,2.2,2.89,2.59
2024/25,2025-04-19,Brentford,Brighton,4,2,6,2.49,2.68,2.52
2024/25,2025-04-19,Crystal Palace,Bournemouth,0,0,0,2.37,2.86,2.54
2024/25,2025-04-19,Everton,Man City,0,2,2,2.21,2.92,2.96
2024/25,2025-04-19,West Ham,Southampton,1,1,2,2.86,2.7,2.98
2024/25,2025-04-19,Aston Villa,Newcastle,4,1,5,2.5,2.97,3.14
2024/25,2025-04-20,Fulham,Chelsea,1,2,3,2.32,2.85,2.73
2024/25,2025-04-20,Ipswich,Arsenal,0,4,4,2.17,2.52,2.57
2024/25,2025-04-20,Man United,Wolves,0,1,1,2.49,2.62,2.65
2024/25,2025-04-20,Leicester,Liverpool,0,1,1,3.04,2.59,3.41
2024/25,2025-04-21,Tottenham,Nott'm Forest,1,2,3,2.74,2.82,2.45
2024/25,2025-04-22,Man City,Aston Villa,2,1,3,2.66,3.05,3.11
2024/25,2025-04-23,Arsenal,Crystal Palace,2,2,4,2.7,2.9,2.88
2024/25,2025-04-26,Newcastle,Ipswich,3,0,3,2.83,2.99,3.35
2024/25,2025-04-26,Southampton,Fulham,1,2,3,2.23,2.55,3.19
2024/25,2025-04-26,Chelsea,Everton,1,0,1,2.39,2.84,3.53
2024/25,2025-04-26,Brighton,West Ham,3,2,5,2.63,2.83,3.01
2024/25,2025-04-26,Wolves,Leicester,3,0,3,2.14,2.68,2.8
2024/25,2025-04-27,Liverpool,Tottenham,5,1,6,2.99,3.17,3.51
2024/25,2025-04-27,Bournemouth,Man United,1,1,2,2.59,2.8,2.64
2024/25,2025-05-01,Nott'm Forest,Brentford,0,2,2,2.51,2.85,2.55
2024/25,2025-05-02,Man City,Wolves,1,0,1,2.82,2.88,2.96
2024/25,2025-05-03,Leicester,Southampton,2,0,2,2.85,2.55,3.43
2024/25,2025-05-03,Arsenal,Bournemouth,1,2,3,2.82,2.85,2.6
2024/25,2025-05-03,Aston Villa,Fulham,1,0,1,2.45,2.88,2.93
2024/25,2025-05-03,Everton,Ipswich,2,2,4,2.53,2.65,3.34
2024/25,2025-05-04,West Ham,Tottenham,1,1,2,2.42,2.77,3.43
2024/25,2025-05-04,Chelsea,Liverpool,3,1,4,2.67,2.85,3.28
2024/25,2025-05-04,Brentford,Man United,4,3,7,2.69,2.74,2.67
2024/25,2025-05-04,Brighton,Newcastle,1,1,2,2.44,2.95,3.03
2024/25,2025-05-05,Crystal Palace,Nott'm Forest,1,1,2,2.27,2.77,2.76
